Student_ID,Name,Age,Gender,Department,CGPA,Placed,Salary (LPA),Internships,IQ,Extracurricular_Activities,Coding_Skills_Rating
S0001,Student_1,19,Male,CE,5.53,No,7.64,0,85,No,6
S0002,Student_2,18,Other,EEE,5.49,Yes,19.16,5,117,No,7
S0003,Student_3,22,Male,IT,6.11,Yes,0.0,4,149,No,1
S0004,Student_4,21,Other,IT,8.73,Yes,0.0,4,133,Yes,6
S0005,Student_5,21,Other,CE,7.79,Yes,10.59,2,123,No,4
S0006,Student_6,20,Other,ME,8.44,Yes,0.0,5,135,No,2
S0007,Student_7,19,Male,EEE,6.11,No,17.13,5,132,Yes,4
S0008,Student_8,19,Male,CSE,6.87,No,0.0,2,101,Yes,5
S0009,Student_9,24,Female,CSE,7.32,Yes,19.62,3,90,Yes,1
S0010,Student_10,18,Male,CE,8.4,Yes,0.0,2,107,No,3
S0011,Student_11,18,Male,ECE,8.45,No,0.0,4,118,No,7
S0012,Student_12,19,Other,ME,5.75,No,0.0,5,106,No,7
S0013,Student_13,21,Male,IT,9.99,Yes,0.0,1,149,Yes,6
S0014,Student_14,21,Male,ME,7.41,Yes,5.55,4,148,Yes,1
S0015,Student_15,18,Other,CE,6.48,Yes,6.69,5,128,No,3
S0016,Student_16,21,Male,ME,9.6,No,11.77,3,144,No,4
S0017,Student_17,24,Other,CSE,5.43,No,9.63,2,101,No,8
S0018,Student_18,21,Male,CE,9.16,No,0.0,5,96,No,5
S0019,Student_19,25,Male,CSE,8.65,No,19.42,0,125,No,2
S0020,Student_20,22,Female,EEE,6.74,No,0.0,5,140,No,7
S0021,Student_21,18,Male,EEE,6.72,Yes,0.0,3,103,No,8
S0022,Student_22,20,Other,ECE,8.92,No,0.0,0,118,No,9
S0023,Student_23,24,Male,ME,7.61,No,0.0,1,99,No,8
S0024,Student_24,23,Female,EEE,6.74,No,19.55,5,125,No,3
S0025,Student_25,22,Male,ME,5.49,Yes,0.0,4,90,No,6
S0026,Student_26,20,Male,CSE,8.61,Yes,14.72,0,101,No,7
S0027,Student_27,21,Other,CE,7.26,No,11.36,2,148,Yes,9
S0028,Student_28,23,Female,EEE,5.34,Yes,18.52,0,120,Yes,7
S0029,Student_29,19,Male,CE,5.22,Yes,13.44,3,131,No,3
S0030,Student_30,19,Male,EEE,8.55,Yes,6.19,4,140,Yes,2
S0031,Student_31,24,Other,ME,5.11,Yes,22.15,1,121,No,2
S0032,Student_32,19,Male,EEE,6.72,Yes,0.0,3,118,Yes,1
S0033,Student_33,23,Male,IT,5.55,Yes,0.0,2,118,No,3
S0034,Student_34,23,Male,EEE,9.0,Yes,3.26,0,125,Yes,3
S0035,Student_35,22,Female,CSE,9.65,Yes,0.0,2,140,No,6
S0036,Student_36,18,Male,ECE,8.7,No,23.4,0,106,Yes,9
S0037,Student_37,25,Other,CSE,7.58,Yes,12.87,4,125,No,1
S0038,Student_38,19,Female,CE,7.76,No,17.93,5,147,Yes,4
S0039,Student_39,24,Male,ME,6.65,No,24.16,1,104,Yes,1
S0040,Student_40,19,Male,ME,7.13,Yes,18.02,4,141,Yes,6
S0041,Student_41,22,Female,EEE,7.31,Yes,0.0,4,91,Yes,7
S0042,Student_42,23,Male,ME,8.99,Yes,3.9,1,109,No,10
S0043,Student_43,21,Male,ECE,8.15,Yes,0.0,2,104,Yes,1
S0044,Student_44,19,Other,ECE,5.93,Yes,0.0,1,91,Yes,7
S0045,Student_45,18,Female,EEE,8.29,Yes,0.0,0,114,No,8
S0046,Student_46,21,Other,EEE,6.98,No,0.0,0,108,Yes,5
S0047,Student_47,22,Male,CE,8.69,No,0.0,4,89,No,5
S0048,Student_48,19,Other,EEE,9.42,No,0.0,3,145,No,8
S0049,Student_49,21,Male,CSE,7.25,Yes,23.19,5,118,No,2
S0050,Student_50,19,Female,CSE,7.15,No,0.0,5,105,No,7
S0051,Student_51,24,Female,CSE,5.02,No,17.02,0,144,Yes,4
S0052,Student_52,22,Female,ECE,6.07,Yes,24.04,4,140,Yes,10
S0053,Student_53,25,Other,IT,6.39,Yes,12.5,3,99,No,3
S0054,Student_54,23,Other,ME,8.52,Yes,0.0,1,148,Yes,9
S0055,Student_55,20,Male,CE,8.98,No,0.0,3,90,No,3
S0056,Student_56,23,Female,EEE,7.89,No,23.2,2,141,No,4
S0057,Student_57,23,Other,CE,9.0,Yes,0.0,4,130,No,5
S0058,Student_58,21,Male,ECE,7.68,No,21.88,4,147,No,2
S0059,Student_59,22,Other,EEE,6.83,Yes,10.37,4,143,No,5
S0060,Student_60,19,Male,EEE,5.99,No,0.0,0,148,Yes,4
S0061,Student_61,20,Other,ECE,5.57,Yes,0.0,5,99,No,7
S0062,Student_62,21,Other,ME,8.35,Yes,8.88,2,103,Yes,4
S0063,Student_63,20,Other,EEE,7.45,No,5.16,3,100,No,8
S0064,Student_64,25,Female,ME,9.83,Yes,17.4,1,129,Yes,2
S0065,Student_65,24,Female,ECE,6.57,Yes,0.0,5,96,Yes,9
S0066,Student_66,22,Other,CE,6.94,No,0.0,3,111,Yes,10
S0067,Student_67,21,Male,EEE,6.96,Yes,11.61,2,121,No,3
S0068,Student_68,23,Male,IT,5.57,Yes,20.01,3,108,Yes,4
S0069,Student_69,18,Female,ME,6.76,No,19.48,2,106,No,10
S0070,Student_70,21,Female,EEE,7.29,Yes,0.0,0,150,No,3
S0071,Student_71,18,Female,ME,5.86,No,19.15,2,119,No,4
S0072,Student_72,23,Other,EEE,8.37,No,15.95,2,112,Yes,2
S0073,Student_73,24,Male,EEE,9.0,No,0.0,2,85,No,3
S0074,Student_74,22,Female,EEE,9.59,Yes,0.0,2,108,Yes,7
S0075,Student_75,19,Other,CE,7.95,Yes,0.0,3,138,No,1
S0076,Student_76,21,Female,IT,8.36,No,0.0,4,94,No,5
S0077,Student_77,23,Male,EEE,6.57,Yes,7.29,0,116,Yes,4
S0078,Student_78,21,Male,ME,6.19,No,10.42,1,148,No,3
S0079,Student_79,25,Female,CE,5.58,No,18.19,5,97,No,7
S0080,Student_80,24,Other,CSE,6.87,Yes,0.0,3,127,Yes,1
S0081,Student_81,25,Male,ME,5.71,Yes,0.0,5,88,No,10
S0082,Student_82,20,Male,ME,6.94,Yes,0.0,3,121,Yes,4
S0083,Student_83,22,Male,IT,7.98,Yes,6.96,3,100,Yes,2
S0084,Student_84,20,Female,CSE,7.87,Yes,0.0,2,135,No,1
S0085,Student_85,21,Other,CE,7.12,No,15.05,1,132,Yes,7
S0086,Student_86,22,Other,EEE,7.43,Yes,17.8,5,98,No,7
S0087,Student_87,24,Other,ME,7.69,Yes,21.3,3,126,No,9
S0088,Student_88,24,Other,IT,9.6,Yes,3.26,5,104,No,5
S0089,Student_89,23,Other,IT,9.65,Yes,0.0,3,88,Yes,4
S0090,Student_90,21,Female,IT,5.87,No,0.0,1,95,No,4
S0091,Student_91,20,Female,CSE,5.83,Yes,5.15,4,143,No,6
S0092,Student_92,25,Other,EEE,6.44,No,5.29,4,146,No,7
S0093,Student_93,19,Other,CE,5.94,No,0.0,0,143,No,8
S0094,Student_94,18,Female,ME,9.21,No,12.81,1,119,No,1
S0095,Student_95,19,Female,IT,8.1,No,0.0,1,85,Yes,9
S0096,Student_96,20,Other,EEE,9.33,Yes,7.83,2,127,Yes,7
S0097,Student_97,20,Other,EEE,9.76,Yes,9.23,3,90,Yes,1
S0098,Student_98,24,Female,ECE,7.42,Yes,7.25,4,142,Yes,5
S0099,Student_99,19,Male,IT,5.98,Yes,0.0,2,126,No,2
S0100,Student_100,24,Other,CSE,6.92,No,3.52,0,101,No,5
S0101,Student_101,24,Male,EEE,7.81,No,0.0,4,112,No,6
S0102,Student_102,25,Other,CE,8.27,No,5.02,3,91,Yes,5
S0103,Student_103,22,Other,ECE,7.05,No,23.65,0,121,No,6
S0104,Student_104,18,Other,EEE,7.46,Yes,17.45,0,126,Yes,7
S0105,Student_105,19,Other,IT,8.55,Yes,0.0,3,92,No,4
S0106,Student_106,22,Male,IT,7.22,Yes,21.38,5,94,Yes,6
S0107,Student_107,23,Female,EEE,5.84,Yes,0.0,2,133,No,1
S0108,Student_108,19,Female,CE,7.83,Yes,23.91,3,96,Yes,3
S0109,Student_109,22,Male,ECE,8.98,Yes,17.04,1,136,No,1
S0110,Student_110,24,Female,IT,6.1,No,0.0,4,117,No,1
S0111,Student_111,20,Female,ECE,5.16,No,18.58,3,107,No,1
S0112,Student_112,25,Female,CSE,6.12,No,5.64,5,115,Yes,6
S0113,Student_113,18,Female,EEE,6.44,No,21.84,4,136,Yes,4
S0114,Student_114,22,Female,IT,8.9,Yes,0.0,1,96,Yes,5
S0115,Student_115,20,Other,CSE,7.83,No,5.86,1,87,Yes,8
S0116,Student_116,19,Male,ECE,8.86,No,0.0,1,111,Yes,5
S0117,Student_117,22,Female,CSE,7.48,Yes,0.0,3,105,No,10
S0118,Student_118,21,Female,CE,7.55,Yes,0.0,2,134,Yes,2
S0119,Student_119,20,Female,ME,7.86,No,17.44,4,136,Yes,7
S0120,Student_120,23,Other,CE,6.34,No,22.8,3,121,Yes,3
S0121,Student_121,20,Female,ECE,7.72,No,0.0,0,104,Yes,5
S0122,Student_122,18,Female,CE,9.95,No,0.0,2,100,No,8
S0123,Student_123,23,Male,IT,7.71,No,15.45,4,123,No,6
S0124,Student_124,25,Other,ECE,8.78,No,0.0,2,147,Yes,6
S0125,Student_125,18,Female,CE,8.8,No,24.28,3,140,Yes,5
S0126,Student_126,19,Male,EEE,7.21,Yes,0.0,4,124,No,2
S0127,Student_127,23,Male,EEE,6.09,Yes,0.0,5,101,Yes,2
S0128,Student_128,22,Male,CE,7.13,Yes,0.0,3,130,No,1
S0129,Student_129,21,Male,IT,8.68,Yes,0.0,1,97,Yes,9
S0130,Student_130,18,Female,IT,8.27,Yes,22.71,0,132,No,3
S0131,Student_131,21,Male,CSE,6.24,Yes,18.3,0,150,Yes,6
S0132,Student_132,19,Other,IT,9.37,No,0.0,1,110,Yes,6
S0133,Student_133,19,Other,ECE,5.16,No,0.0,2,147,No,6
S0134,Student_134,25,Female,EEE,6.31,No,0.0,2,142,No,10
S0135,Student_135,19,Male,ECE,9.31,Yes,0.0,5,134,No,9
S0136,Student_136,20,Other,EEE,5.43,No,8.57,5,145,Yes,10
S0137,Student_137,20,Male,ME,9.33,No,13.27,3,119,Yes,6
S0138,Student_138,25,Other,IT,5.59,Yes,23.6,0,139,Yes,4
S0139,Student_139,20,Other,CE,9.06,Yes,0.0,5,96,No,5
S0140,Student_140,22,Other,EEE,6.05,No,0.0,5,139,No,4
S0141,Student_141,24,Female,CE,8.69,No,0.0,2,132,Yes,10
S0142,Student_142,21,Other,ME,8.45,Yes,0.0,3,108,No,7
S0143,Student_143,21,Male,ECE,9.31,No,0.0,1,140,Yes,2
S0144,Student_144,22,Female,CE,8.05,No,17.05,3,139,Yes,2
S0145,Student_145,24,Female,EEE,7.14,Yes,0.0,5,96,Yes,3
S0146,Student_146,23,Other,ME,8.08,Yes,23.3,5,90,No,10
S0147,Student_147,25,Female,EEE,8.92,No,9.08,1,150,No,2
S0148,Student_148,25,Other,ME,9.07,No,0.0,0,128,No,1
S0149,Student_149,19,Male,IT,9.03,Yes,12.39,0,144,Yes,10
S0150,Student_150,21,Female,IT,7.85,Yes,0.0,2,113,No,4
S0151,Student_151,21,Other,IT,7.66,No,22.87,3,104,Yes,4
S0152,Student_152,19,Female,IT,7.98,Yes,0.0,0,148,No,8
S0153,Student_153,23,Female,IT,5.84,No,19.94,4,95,No,2
S0154,Student_154,18,Male,ME,9.9,Yes,0.0,5,122,Yes,2
S0155,Student_155,21,Other,EEE,6.46,No,10.11,2,144,Yes,9
S0156,Student_156,21,Other,CE,7.86,No,0.0,4,140,Yes,10
S0157,Student_157,18,Male,ECE,9.76,No,0.0,3,95,No,6
S0158,Student_158,19,Male,ECE,7.57,Yes,0.0,4,146,Yes,5
S0159,Student_159,18,Other,ME,9.5,Yes,0.0,3,123,No,8
S0160,Student_160,21,Female,EEE,9.08,Yes,6.56,2,104,Yes,4
S0161,Student_161,19,Male,ME,5.68,Yes,4.63,5,101,No,9
S0162,Student_162,18,Male,ECE,8.75,No,20.1,5,123,No,3
S0163,Student_163,23,Female,ME,7.06,No,11.42,3,116,No,1
S0164,Student_164,19,Other,ME,5.3,Yes,10.32,5,139,No,3
S0165,Student_165,21,Female,IT,6.39,Yes,4.32,0,122,Yes,4
S0166,Student_166,22,Male,ECE,8.28,No,24.02,2,91,Yes,7
S0167,Student_167,25,Female,IT,8.51,No,8.82,4,94,No,9
S0168,Student_168,21,Other,IT,5.66,Yes,12.69,5,90,No,5
S0169,Student_169,20,Male,CE,5.73,No,0.0,4,150,No,9
S0170,Student_170,25,Female,ME,6.61,No,13.82,0,98,No,6
S0171,Student_171,21,Other,CE,6.24,Yes,23.43,2,150,No,6
S0172,Student_172,25,Other,ME,9.22,Yes,16.43,1,139,Yes,8
S0173,Student_173,24,Other,EEE,6.96,No,0.0,4,137,No,2
S0174,Student_174,21,Other,IT,5.71,No,0.0,0,97,Yes,7
S0175,Student_175,19,Other,ME,8.16,Yes,0.0,1,144,Yes,2
S0176,Student_176,19,Other,ME,8.14,Yes,6.93,2,117,No,8
S0177,Student_177,24,Male,CSE,6.88,No,0.0,3,130,No,7
S0178,Student_178,23,Other,EEE,5.38,No,13.83,5,117,No,9
S0179,Student_179,24,Other,IT,8.97,No,6.17,1,95,Yes,9
S0180,Student_180,24,Other,EEE,8.84,Yes,19.91,2,149,Yes,1
S0181,Student_181,25,Female,CE,7.01,No,7.8,1,87,No,3
S0182,Student_182,18,Male,CE,8.75,No,0.0,0,99,Yes,10
S0183,Student_183,19,Male,ME,8.47,No,17.15,2,144,Yes,5
S0184,Student_184,18,Female,ECE,9.39,Yes,0.0,2,107,Yes,3
S0185,Student_185,24,Other,ME,7.27,No,23.08,3,108,No,5
S0186,Student_186,23,Female,CSE,7.44,Yes,0.0,5,135,No,1
S0187,Student_187,19,Female,ME,7.91,Yes,0.0,2,90,Yes,10
S0188,Student_188,21,Female,IT,9.34,No,0.0,0,95,Yes,1
S0189,Student_189,21,Male,CSE,9.24,No,18.74,2,138,No,4
S0190,Student_190,21,Male,ME,5.47,Yes,0.0,2,123,No,7
S0191,Student_191,25,Male,CE,9.86,Yes,5.27,4,125,Yes,8
S0192,Student_192,20,Other,IT,8.17,Yes,4.6,5,143,No,9
S0193,Student_193,24,Other,ME,8.49,No,0.0,0,142,Yes,9
S0194,Student_194,20,Female,IT,9.25,Yes,15.57,4,118,Yes,2
S0195,Student_195,22,Male,CE,8.98,No,8.51,1,128,No,3
S0196,Student_196,25,Male,ECE,6.99,No,12.81,5,108,No,8
S0197,Student_197,21,Other,ECE,9.84,No,22.72,1,112,No,9
S0198,Student_198,19,Other,EEE,9.12,Yes,6.27,0,108,Yes,7
S0199,Student_199,25,Male,ME,7.47,Yes,0.0,4,95,No,9
S0200,Student_200,19,Male,EEE,6.61,No,17.09,1,118,Yes,7
S0201,Student_201,18,Other,IT,6.42,No,23.52,4,98,Yes,7
S0202,Student_202,18,Other,ME,7.74,No,17.62,2,140,No,10
S0203,Student_203,19,Male,ECE,5.65,No,8.86,2,87,Yes,5
S0204,Student_204,21,Female,CSE,9.26,No,0.0,5,85,Yes,4
S0205,Student_205,20,Female,EEE,8.94,Yes,18.4,2,135,No,3
S0206,Student_206,24,Female,IT,9.47,Yes,0.0,2,99,No,1
S0207,Student_207,25,Female,EEE,8.81,Yes,0.0,5,86,No,3
S0208,Student_208,25,Male,ECE,5.23,Yes,0.0,5,106,No,10
S0209,Student_209,21,Female,ECE,8.13,No,22.9,5,146,Yes,4
S0210,Student_210,24,Female,CSE,9.18,No,15.64,2,143,No,10
S0211,Student_211,18,Other,IT,5.08,No,14.34,0,136,Yes,1
S0212,Student_212,20,Female,EEE,9.65,No,0.0,4,147,Yes,9
S0213,Student_213,24,Other,ECE,5.79,Yes,0.0,4,123,No,8
S0214,Student_214,18,Other,IT,7.28,Yes,23.68,2,131,Yes,9
S0215,Student_215,24,Male,ECE,9.96,Yes,0.0,1,135,Yes,9
S0216,Student_216,22,Male,CSE,7.14,No,0.0,0,123,No,5
S0217,Student_217,25,Male,CSE,9.98,Yes,0.0,1,96,No,5
S0218,Student_218,22,Male,CE,9.55,No,0.0,4,101,No,4
S0219,Student_219,24,Other,ME,9.41,Yes,0.0,2,102,No,5
S0220,Student_220,25,Male,IT,6.51,No,0.0,2,86,Yes,5
S0221,Student_221,20,Other,CE,9.37,Yes,0.0,3,109,Yes,9
S0222,Student_222,21,Male,CSE,9.38,Yes,0.0,3,99,Yes,2
S0223,Student_223,22,Female,IT,5.47,Yes,13.79,2,87,No,3
S0224,Student_224,21,Female,ECE,6.8,No,12.59,1,109,Yes,4
S0225,Student_225,18,Other,CSE,5.41,Yes,0.0,0,88,No,1
S0226,Student_226,18,Female,EEE,8.32,No,0.0,1,111,No,9
S0227,Student_227,23,Female,ECE,8.24,Yes,0.0,1,146,Yes,4
S0228,Student_228,18,Other,CE,5.26,No,0.0,4,103,Yes,5
S0229,Student_229,18,Female,IT,8.13,Yes,0.0,1,115,Yes,1
S0230,Student_230,25,Female,CE,8.63,No,0.0,1,140,Yes,3
S0231,Student_231,20,Female,CE,8.78,Yes,21.57,4,109,Yes,5
S0232,Student_232,18,Male,IT,7.15,Yes,20.18,4,96,No,3
S0233,Student_233,19,Other,ECE,5.46,No,0.0,5,123,Yes,5
S0234,Student_234,20,Male,ME,5.48,No,20.28,4,144,No,1
S0235,Student_235,19,Female,ME,6.07,Yes,14.88,4,103,Yes,4
S0236,Student_236,19,Female,ME,5.39,No,0.0,5,145,Yes,4
S0237,Student_237,21,Male,IT,7.97,Yes,3.07,4,139,Yes,9
S0238,Student_238,24,Female,CSE,7.6,Yes,0.0,5,87,No,2
S0239,Student_239,19,Other,CSE,7.23,No,23.99,0,99,Yes,1
S0240,Student_240,21,Other,IT,5.04,No,21.0,3,106,No,6
S0241,Student_241,18,Other,EEE,6.72,Yes,0.0,3,104,No,10
S0242,Student_242,19,Female,ECE,5.6,Yes,13.61,0,141,Yes,6
S0243,Student_243,24,Other,EEE,9.3,Yes,0.0,0,147,Yes,6
S0244,Student_244,23,Other,IT,8.47,Yes,15.48,1,145,Yes,2
S0245,Student_245,22,Female,IT,7.39,No,23.57,0,87,Yes,9
S0246,Student_246,21,Male,CSE,6.14,No,10.9,3,142,No,5
S0247,Student_247,23,Male,ECE,5.45,No,0.0,2,116,Yes,3
S0248,Student_248,21,Female,CE,9.03,No,0.0,2,110,Yes,7
S0249,Student_249,22,Other,ECE,5.52,Yes,18.0,5,122,No,10
S0250,Student_250,24,Male,CSE,6.84,No,11.81,2,135,No,5
S0251,Student_251,20,Male,CE,6.5,No,0.0,1,91,No,6
S0252,Student_252,22,Male,CE,6.91,No,0.0,3,127,Yes,1
S0253,Student_253,25,Female,ECE,9.07,No,16.91,4,86,Yes,1
S0254,Student_254,23,Male,IT,9.37,No,24.09,4,98,Yes,6
S0255,Student_255,19,Male,ME,8.21,Yes,0.0,2,140,No,4
S0256,Student_256,18,Female,CSE,8.39,Yes,0.0,1,138,Yes,5
S0257,Student_257,25,Female,CSE,5.34,No,4.99,5,148,Yes,3
S0258,Student_258,19,Female,ME,7.82,No,0.0,2,122,No,5
S0259,Student_259,19,Male,EEE,8.05,No,14.76,0,89,Yes,1
S0260,Student_260,21,Male,EEE,5.82,Yes,24.14,5,147,Yes,9
S0261,Student_261,22,Female,CSE,6.76,Yes,0.0,0,136,Yes,10
S0262,Student_262,20,Other,ME,6.07,Yes,0.0,1,147,Yes,2
S0263,Student_263,23,Female,ME,8.74,No,4.77,1,150,No,7
S0264,Student_264,19,Male,CE,9.6,No,0.0,5,147,Yes,5
S0265,Student_265,21,Male,IT,8.08,Yes,13.11,1,114,Yes,10
S0266,Student_266,23,Female,EEE,7.21,Yes,0.0,5,92,No,9
S0267,Student_267,22,Other,EEE,6.09,No,19.86,1,87,Yes,4
S0268,Student_268,20,Other,CE,9.48,Yes,0.0,2,139,Yes,8
S0269,Student_269,25,Male,ECE,5.7,No,17.25,1,125,Yes,4
S0270,Student_270,22,Other,EEE,5.62,No,6.89,1,93,Yes,6
S0271,Student_271,18,Other,CE,8.65,No,0.0,1,119,Yes,5
S0272,Student_272,22,Other,ME,6.76,No,0.0,0,138,Yes,4
S0273,Student_273,19,Female,ECE,7.15,No,0.0,3,145,Yes,10
S0274,Student_274,20,Male,CSE,8.96,Yes,0.0,5,99,No,7
S0275,Student_275,22,Female,ME,6.24,Yes,3.87,0,148,Yes,3
S0276,Student_276,19,Other,ECE,8.22,Yes,11.45,0,129,No,8
S0277,Student_277,19,Male,IT,6.24,No,7.2,0,142,No,4
S0278,Student_278,20,Female,CE,8.0,Yes,0.0,3,140,Yes,7
S0279,Student_279,22,Male,IT,8.61,Yes,18.31,3,87,Yes,6
S0280,Student_280,22,Female,ME,6.42,Yes,0.0,0,105,No,3
S0281,Student_281,21,Male,IT,9.71,Yes,22.72,1,121,No,8
S0282,Student_282,23,Female,ECE,5.13,No,0.0,0,109,Yes,2
S0283,Student_283,21,Other,CSE,9.24,Yes,16.87,0,145,Yes,8
S0284,Student_284,22,Female,IT,9.38,No,0.0,5,129,Yes,3
S0285,Student_285,25,Other,ME,6.03,No,10.9,4,141,Yes,8
S0286,Student_286,22,Female,ME,8.03,Yes,4.87,4,114,No,3
S0287,Student_287,18,Other,EEE,5.94,Yes,16.92,0,149,No,3
S0288,Student_288,19,Other,IT,6.96,No,0.0,3,113,Yes,4
S0289,Student_289,24,Female,ECE,8.23,Yes,0.0,0,128,Yes,10
S0290,Student_290,22,Female,ECE,8.92,Yes,19.18,2,144,No,8
S0291,Student_291,18,Male,EEE,8.97,No,6.08,0,101,No,3
S0292,Student_292,18,Female,IT,6.2,No,0.0,0,122,Yes,5
S0293,Student_293,23,Male,CE,6.93,Yes,0.0,2,134,No,1
S0294,Student_294,20,Female,CE,6.21,Yes,0.0,5,138,Yes,5
S0295,Student_295,22,Male,EEE,8.19,No,7.25,0,131,No,3
S0296,Student_296,20,Other,ME,5.36,Yes,18.83,0,145,Yes,3
S0297,Student_297,25,Female,CSE,9.44,No,0.0,0,105,Yes,7
S0298,Student_298,24,Other,CE,5.06,Yes,16.04,4,111,No,10
S0299,Student_299,18,Female,IT,6.81,No,0.0,1,121,No,4
S0300,Student_300,19,Male,CSE,6.58,No,13.76,4,96,Yes,2
S0301,Student_301,19,Female,ECE,6.93,No,0.0,1,146,Yes,3
S0302,Student_302,20,Male,ECE,9.19,No,0.0,1,101,Yes,2
S0303,Student_303,18,Male,CE,7.1,Yes,4.39,5,107,No,7
S0304,Student_304,23,Female,ME,7.73,Yes,0.0,2,110,No,4
S0305,Student_305,20,Other,ECE,5.86,No,0.0,0,105,No,8
S0306,Student_306,24,Female,CSE,7.36,Yes,14.89,0,147,Yes,7
S0307,Student_307,20,Other,ME,9.94,No,9.77,1,97,Yes,2
S0308,Student_308,18,Male,CE,5.36,Yes,0.0,5,138,No,9
S0309,Student_309,22,Female,ECE,7.94,No,14.75,2,148,Yes,3
S0310,Student_310,23,Female,CE,5.07,Yes,0.0,4,123,No,1
S0311,Student_311,18,Other,ME,6.08,Yes,0.0,2,115,No,10
S0312,Student_312,23,Female,ME,9.61,No,21.35,2,111,Yes,2
S0313,Student_313,21,Male,ME,9.74,No,12.88,1,91,No,7
S0314,Student_314,21,Female,EEE,6.99,Yes,24.91,4,87,Yes,7
S0315,Student_315,19,Male,IT,6.43,Yes,3.81,5,130,No,1
S0316,Student_316,23,Male,EEE,8.56,Yes,0.0,4,118,No,2
S0317,Student_317,24,Other,CSE,8.84,Yes,0.0,1,130,Yes,1
S0318,Student_318,20,Other,ME,7.12,Yes,0.0,4,105,No,1
S0319,Student_319,21,Male,IT,7.01,No,4.23,4,107,Yes,3
S0320,Student_320,20,Other,ME,8.2,Yes,20.33,0,149,No,4
S0321,Student_321,20,Other,IT,7.69,No,0.0,0,89,No,2
S0322,Student_322,24,Male,ECE,5.76,No,0.0,4,93,Yes,5
S0323,Student_323,18,Female,CSE,5.42,No,0.0,0,128,Yes,3
S0324,Student_324,20,Female,IT,5.4,Yes,0.0,4,140,Yes,10
S0325,Student_325,23,Other,CSE,9.6,Yes,3.94,1,99,Yes,1
S0326,Student_326,24,Other,CE,9.87,No,0.0,5,114,Yes,1
S0327,Student_327,21,Male,ME,5.78,Yes,0.0,1,100,No,2
S0328,Student_328,22,Male,ECE,6.63,No,5.6,2,113,Yes,9
S0329,Student_329,20,Male,CE,7.93,No,0.0,1,147,No,6
S0330,Student_330,19,Male,IT,8.82,Yes,20.76,4,118,Yes,2
S0331,Student_331,24,Female,EEE,8.25,Yes,0.0,0,128,Yes,4
S0332,Student_332,18,Male,IT,8.22,Yes,0.0,5,130,Yes,3
S0333,Student_333,25,Male,ME,6.55,No,17.68,0,90,Yes,8
S0334,Student_334,21,Other,IT,7.19,Yes,0.0,1,119,No,10
S0335,Student_335,21,Male,CSE,9.77,No,13.08,4,104,No,8
S0336,Student_336,25,Other,IT,6.19,No,17.92,5,150,No,3
S0337,Student_337,23,Male,ME,6.22,No,22.23,3,98,Yes,5
S0338,Student_338,22,Male,ME,9.62,Yes,0.0,2,91,Yes,6
S0339,Student_339,21,Other,EEE,5.58,No,6.28,5,141,No,8
S0340,Student_340,21,Female,ECE,8.06,Yes,15.75,4,143,Yes,3
S0341,Student_341,18,Female,ECE,5.28,Yes,23.35,1,99,Yes,4
S0342,Student_342,21,Other,ECE,8.33,Yes,3.81,3,98,Yes,1
S0343,Student_343,24,Other,CE,8.29,Yes,6.11,5,98,No,9
S0344,Student_344,23,Female,ECE,5.88,No,17.38,0,90,No,5
S0345,Student_345,22,Other,CE,5.06,No,0.0,1,149,Yes,9
S0346,Student_346,19,Other,IT,5.69,Yes,13.37,2,98,No,2
S0347,Student_347,22,Other,EEE,5.06,No,0.0,3,106,No,1
S0348,Student_348,23,Other,ME,7.48,Yes,23.2,3,100,Yes,1
S0349,Student_349,24,Other,CE,6.73,Yes,0.0,1,111,No,2
S0350,Student_350,23,Female,IT,7.59,No,0.0,4,131,No,9
S0351,Student_351,18,Other,EEE,9.11,No,0.0,1,105,Yes,5
S0352,Student_352,19,Female,CE,6.3,No,4.01,3,122,Yes,2
S0353,Student_353,22,Male,EEE,6.86,No,0.0,0,141,No,9
S0354,Student_354,20,Female,IT,8.75,Yes,18.43,2,149,No,7
S0355,Student_355,22,Male,ECE,9.37,No,5.87,0,148,Yes,3
S0356,Student_356,18,Female,ECE,8.66,Yes,6.79,3,97,Yes,1
S0357,Student_357,19,Female,IT,5.59,Yes,0.0,0,104,Yes,4
S0358,Student_358,24,Other,EEE,9.5,No,0.0,4,131,Yes,1
S0359,Student_359,23,Female,CSE,6.68,No,4.1,1,127,Yes,4
S0360,Student_360,23,Female,EEE,7.15,Yes,9.76,3,102,No,7
S0361,Student_361,24,Other,CE,7.62,Yes,0.0,2,100,No,7
S0362,Student_362,19,Male,EEE,6.31,Yes,20.46,5,110,Yes,3
S0363,Student_363,24,Female,IT,9.88,No,0.0,2,141,No,6
S0364,Student_364,21,Other,ME,8.14,No,13.04,4,138,Yes,5
S0365,Student_365,22,Male,CSE,7.48,Yes,6.76,5,85,Yes,4
S0366,Student_366,18,Female,EEE,7.55,No,0.0,0,116,No,7
S0367,Student_367,24,Female,CSE,5.28,No,16.0,0,145,Yes,2
S0368,Student_368,18,Female,CSE,9.3,No,0.0,2,128,Yes,8
S0369,Student_369,21,Male,EEE,5.83,Yes,20.99,3,121,Yes,3
S0370,Student_370,23,Male,EEE,5.79,No,0.0,0,149,Yes,2
S0371,Student_371,24,Female,ECE,8.87,No,5.34,3,106,Yes,4
S0372,Student_372,19,Female,EEE,9.47,No,13.94,2,95,Yes,2
S0373,Student_373,23,Male,EEE,8.37,Yes,0.0,3,119,Yes,5
S0374,Student_374,23,Other,ECE,5.58,No,0.0,4,132,Yes,6
S0375,Student_375,19,Male,ECE,8.7,Yes,0.0,5,138,Yes,2
S0376,Student_376,22,Other,ME,5.01,No,20.58,2,131,Yes,10
S0377,Student_377,22,Other,EEE,9.29,Yes,7.85,5,116,Yes,6
S0378,Student_378,24,Other,CE,5.06,Yes,0.0,3,104,No,2
S0379,Student_379,23,Female,CSE,5.23,Yes,0.0,1,138,No,6
S0380,Student_380,24,Female,IT,6.82,Yes,20.7,4,114,No,2
S0381,Student_381,22,Other,ECE,9.6,Yes,0.0,3,102,Yes,1
S0382,Student_382,20,Other,IT,5.89,Yes,12.38,2,139,Yes,10
S0383,Student_383,21,Other,EEE,9.8,Yes,0.0,3,137,Yes,3
S0384,Student_384,24,Male,CE,5.18,No,0.0,1,137,No,3
S0385,Student_385,24,Female,CSE,9.02,Yes,20.85,0,143,Yes,7
S0386,Student_386,20,Other,EEE,8.57,Yes,24.61,3,131,Yes,9
S0387,Student_387,22,Other,CE,8.28,No,17.92,5,88,No,6
S0388,Student_388,24,Male,CSE,6.12,Yes,0.0,2,141,No,10
S0389,Student_389,18,Female,CE,6.24,Yes,10.13,1,103,No,3
S0390,Student_390,22,Other,ECE,9.58,Yes,24.47,0,86,Yes,7
S0391,Student_391,22,Female,EEE,6.6,No,15.67,5,93,No,3
S0392,Student_392,21,Other,CE,9.13,No,0.0,3,95,No,5
S0393,Student_393,24,Male,CE,7.86,Yes,0.0,5,128,Yes,10
S0394,Student_394,23,Male,EEE,5.6,Yes,0.0,0,125,No,5
S0395,Student_395,25,Female,CSE,8.37,Yes,0.0,3,136,No,6
S0396,Student_396,25,Male,EEE,5.26,Yes,6.02,3,106,No,2
S0397,Student_397,25,Female,CE,6.12,Yes,21.4,4,140,Yes,5
S0398,Student_398,21,Other,IT,7.58,No,0.0,5,92,No,8
S0399,Student_399,25,Male,ME,5.23,Yes,0.0,5,135,No,6
S0400,Student_400,20,Other,IT,7.0,Yes,0.0,0,89,No,5
S0401,Student_401,19,Other,CSE,9.38,No,0.0,0,104,No,2
S0402,Student_402,22,Male,CE,9.33,No,20.45,1,92,Yes,1
S0403,Student_403,23,Male,ME,8.87,No,0.0,3,122,No,3
S0404,Student_404,19,Male,CSE,6.55,No,19.81,3,138,Yes,3
S0405,Student_405,21,Other,IT,5.43,No,0.0,5,136,No,6
S0406,Student_406,22,Female,ECE,7.28,No,0.0,4,123,No,3
S0407,Student_407,21,Female,EEE,6.84,No,16.05,0,125,Yes,7
S0408,Student_408,21,Other,CSE,6.46,Yes,0.0,5,129,No,8
S0409,Student_409,20,Other,CSE,8.92,No,10.38,1,86,Yes,8
S0410,Student_410,18,Other,CE,8.7,Yes,5.66,0,120,Yes,2
S0411,Student_411,18,Male,ME,6.21,Yes,0.0,2,103,No,2
S0412,Student_412,21,Female,IT,6.84,Yes,0.0,1,136,No,10
S0413,Student_413,25,Female,CSE,9.86,Yes,6.11,2,142,No,7
S0414,Student_414,19,Female,EEE,9.99,Yes,12.13,1,111,No,5
S0415,Student_415,25,Female,CSE,8.88,No,0.0,4,141,No,3
S0416,Student_416,24,Female,CSE,8.66,Yes,18.32,3,129,No,2
S0417,Student_417,21,Female,CE,7.73,No,0.0,0,136,No,6
S0418,Student_418,24,Other,CSE,8.98,No,15.17,1,110,No,3
S0419,Student_419,25,Other,ME,5.75,Yes,12.65,3,123,Yes,3
S0420,Student_420,24,Male,CE,9.66,No,0.0,5,95,No,7
S0421,Student_421,21,Other,ECE,5.12,No,0.0,3,89,Yes,6
S0422,Student_422,20,Other,ECE,7.71,No,0.0,2,127,No,6
S0423,Student_423,18,Female,IT,8.18,No,0.0,5,134,Yes,8
S0424,Student_424,19,Male,IT,8.47,Yes,23.36,4,101,Yes,7
S0425,Student_425,24,Female,IT,5.05,No,3.9,4,121,Yes,8
S0426,Student_426,21,Male,CE,6.68,Yes,5.2,2,112,Yes,7
S0427,Student_427,20,Other,ME,8.79,Yes,21.64,5,96,Yes,10
S0428,Student_428,25,Other,CE,6.88,Yes,16.47,3,150,No,6
S0429,Student_429,18,Female,CE,8.69,No,0.0,2,124,No,3
S0430,Student_430,21,Female,CE,6.54,No,20.11,3,128,No,4
S0431,Student_431,19,Female,CE,6.03,Yes,0.0,5,105,No,7
S0432,Student_432,25,Other,CSE,9.92,No,3.34,4,87,No,7
S0433,Student_433,20,Other,IT,7.1,No,13.71,3,88,No,9
S0434,Student_434,25,Other,IT,9.81,Yes,0.0,3,118,No,8
S0435,Student_435,23,Male,EEE,9.86,Yes,3.14,4,115,No,9
S0436,Student_436,25,Female,ECE,5.71,Yes,6.95,2,123,No,9
S0437,Student_437,24,Male,IT,6.4,Yes,4.96,1,139,Yes,8
S0438,Student_438,25,Other,ME,5.22,Yes,0.0,3,149,No,9
S0439,Student_439,20,Other,CSE,6.16,No,17.34,0,99,Yes,9
S0440,Student_440,25,Male,ECE,9.23,Yes,22.51,0,92,Yes,4
S0441,Student_441,25,Female,EEE,7.07,No,0.0,2,132,No,7
S0442,Student_442,22,Female,CE,9.48,Yes,0.0,3,118,Yes,2
S0443,Student_443,21,Other,EEE,7.29,No,0.0,3,149,Yes,10
S0444,Student_444,22,Other,ECE,8.74,Yes,0.0,1,130,No,7
S0445,Student_445,25,Other,IT,7.9,No,0.0,5,100,No,9
S0446,Student_446,21,Female,ECE,7.53,Yes,0.0,1,91,No,10
S0447,Student_447,22,Male,CSE,8.19,Yes,12.16,0,100,No,4
S0448,Student_448,25,Other,CSE,6.97,Yes,20.76,0,142,No,2
S0449,Student_449,19,Other,ME,7.96,Yes,20.0,5,123,Yes,4
S0450,Student_450,22,Male,CE,5.31,No,18.23,0,85,No,6
S0451,Student_451,21,Female,IT,8.31,Yes,7.54,0,143,No,1
S0452,Student_452,22,Other,IT,5.65,Yes,17.08,3,128,Yes,4
S0453,Student_453,23,Female,EEE,6.46,Yes,0.0,5,115,Yes,1
S0454,Student_454,23,Other,CE,9.25,Yes,14.51,0,114,No,6
S0455,Student_455,19,Female,EEE,9.63,No,12.06,1,129,Yes,9
S0456,Student_456,20,Male,CE,6.96,Yes,23.64,3,123,No,8
S0457,Student_457,20,Other,ECE,9.16,No,16.43,4,121,Yes,3
S0458,Student_458,21,Other,ECE,6.63,Yes,0.0,5,102,Yes,2
S0459,Student_459,24,Other,CE,7.26,No,3.83,2,133,No,1
S0460,Student_460,20,Other,ME,6.17,Yes,0.0,1,116,No,6
S0461,Student_461,21,Other,ECE,9.72,Yes,6.96,2,98,Yes,6
S0462,Student_462,19,Male,ME,5.68,No,0.0,4,126,No,3
S0463,Student_463,24,Other,ECE,8.85,No,0.0,4,109,Yes,5
S0464,Student_464,24,Other,IT,5.54,No,14.0,0,131,Yes,8
S0465,Student_465,23,Female,CSE,5.53,Yes,0.0,0,143,Yes,3
S0466,Student_466,25,Other,CSE,7.25,Yes,0.0,5,97,Yes,9
S0467,Student_467,24,Female,IT,6.57,Yes,0.0,4,103,Yes,7
S0468,Student_468,18,Male,CE,5.6,No,23.91,3,139,No,4
S0469,Student_469,21,Female,EEE,6.79,Yes,16.8,3,137,No,4
S0470,Student_470,24,Female,CSE,8.85,Yes,20.22,1,95,Yes,4
S0471,Student_471,24,Male,ECE,7.26,No,10.65,2,96,Yes,1
S0472,Student_472,18,Male,ECE,7.32,No,3.1,5,92,No,3
S0473,Student_473,24,Female,CSE,9.26,No,0.0,3,139,Yes,2
S0474,Student_474,25,Female,CSE,5.45,No,8.18,3,101,No,3
S0475,Student_475,18,Male,EEE,9.04,No,0.0,4,145,No,7
S0476,Student_476,23,Male,CSE,6.52,Yes,0.0,2,112,No,1
S0477,Student_477,22,Male,CE,8.52,No,5.59,4,142,No,7
S0478,Student_478,24,Male,EEE,8.02,No,14.66,2,94,No,6
S0479,Student_479,24,Male,IT,6.08,No,5.11,4,132,No,1
S0480,Student_480,21,Female,IT,9.28,Yes,10.96,4,136,Yes,2
S0481,Student_481,25,Male,CSE,5.74,Yes,19.74,0,135,Yes,10
S0482,Student_482,21,Other,ECE,8.56,No,0.0,0,118,No,2
S0483,Student_483,22,Other,IT,9.84,Yes,0.0,3,148,Yes,8
S0484,Student_484,24,Other,CSE,6.98,Yes,0.0,0,139,No,10
S0485,Student_485,25,Other,CE,5.24,No,0.0,3,141,Yes,3
S0486,Student_486,18,Male,CE,6.49,No,14.87,3,147,No,1
S0487,Student_487,24,Other,ECE,9.1,No,0.0,2,138,No,3
S0488,Student_488,23,Female,EEE,5.87,Yes,0.0,3,105,Yes,6
S0489,Student_489,24,Other,ECE,9.76,No,7.82,3,103,Yes,3
S0490,Student_490,20,Male,CSE,9.27,No,0.0,3,149,No,2
S0491,Student_491,25,Other,ECE,7.78,No,0.0,0,101,Yes,4
S0492,Student_492,20,Female,EEE,7.75,No,0.0,0,147,Yes,2
S0493,Student_493,18,Male,ME,5.47,No,19.95,1,143,Yes,1
S0494,Student_494,24,Male,ECE,5.51,No,17.51,4,101,No,10
S0495,Student_495,18,Male,IT,8.97,No,0.0,5,150,No,7
S0496,Student_496,19,Other,EEE,5.61,Yes,0.0,2,100,No,3
S0497,Student_497,24,Other,ME,5.31,Yes,9.08,5,112,No,3
S0498,Student_498,20,Male,EEE,8.9,Yes,7.26,1,143,Yes,8
S0499,Student_499,25,Other,EEE,6.11,No,0.0,3,145,Yes,3
S0500,Student_500,20,Female,IT,5.99,Yes,20.53,3,89,No,9
S0501,Student_501,18,Male,ME,7.0,Yes,0.0,1,105,Yes,5
S0502,Student_502,22,Female,ECE,8.43,No,18.08,2,132,Yes,8
S0503,Student_503,24,Female,ME,9.69,Yes,24.31,5,100,Yes,7
S0504,Student_504,23,Other,ECE,5.42,Yes,0.0,3,137,No,6
S0505,Student_505,21,Other,IT,7.93,Yes,0.0,3,99,Yes,8
S0506,Student_506,25,Male,EEE,9.59,Yes,0.0,0,100,Yes,1
S0507,Student_507,23,Female,ECE,5.37,No,0.0,4,132,No,5
S0508,Student_508,23,Other,CE,9.99,Yes,0.0,5,122,Yes,2
S0509,Student_509,24,Female,ME,5.99,Yes,0.0,3,90,Yes,3
S0510,Student_510,22,Other,ME,8.23,No,13.44,5,104,Yes,1
S0511,Student_511,24,Female,CSE,9.05,No,0.0,4,100,Yes,1
S0512,Student_512,22,Male,EEE,5.46,Yes,0.0,5,132,Yes,10
S0513,Student_513,19,Other,EEE,9.24,No,6.88,4,124,Yes,3
S0514,Student_514,25,Male,IT,9.04,No,17.74,4,132,No,9
S0515,Student_515,18,Female,ECE,5.61,Yes,0.0,3,123,No,3
S0516,Student_516,18,Female,IT,9.71,No,0.0,3,122,No,1
S0517,Student_517,23,Male,IT,5.25,Yes,3.95,4,147,Yes,7
S0518,Student_518,21,Female,CE,9.62,No,17.19,1,88,Yes,7
S0519,Student_519,19,Other,EEE,7.17,Yes,9.27,4,103,Yes,8
S0520,Student_520,18,Other,CE,8.62,No,12.56,0,103,No,9
S0521,Student_521,18,Female,CSE,7.48,No,0.0,3,138,Yes,5
S0522,Student_522,21,Female,ME,6.91,Yes,0.0,2,91,No,10
S0523,Student_523,21,Female,IT,7.13,Yes,0.0,3,124,Yes,9
S0524,Student_524,18,Female,IT,6.77,Yes,0.0,4,121,No,5
S0525,Student_525,20,Other,CE,9.54,Yes,10.35,3,112,Yes,4
S0526,Student_526,21,Other,EEE,6.37,No,20.71,4,108,No,7
S0527,Student_527,20,Female,ME,7.23,Yes,0.0,5,147,Yes,3
S0528,Student_528,25,Male,IT,5.74,Yes,19.68,2,85,Yes,5
S0529,Student_529,19,Male,CE,8.07,Yes,0.0,2,100,No,2
S0530,Student_530,21,Other,CE,8.08,No,3.95,2,129,No,9
S0531,Student_531,25,Male,ECE,8.24,No,0.0,0,93,Yes,7
S0532,Student_532,22,Female,ME,7.49,Yes,0.0,0,90,Yes,3
S0533,Student_533,23,Male,CE,9.41,Yes,19.29,4,138,Yes,4
S0534,Student_534,20,Other,ECE,7.4,No,23.35,0,146,No,7
S0535,Student_535,19,Female,EEE,5.44,Yes,6.87,1,124,Yes,10
S0536,Student_536,20,Female,CE,6.92,Yes,20.28,2,142,Yes,1
S0537,Student_537,22,Other,ECE,7.1,No,0.0,2,128,Yes,4
S0538,Student_538,19,Male,ECE,8.21,No,0.0,5,133,Yes,7
S0539,Student_539,18,Other,ME,8.99,Yes,13.67,4,145,Yes,3
S0540,Student_540,22,Other,IT,6.25,Yes,0.0,0,101,No,9
S0541,Student_541,24,Male,ECE,9.97,Yes,5.55,5,102,No,10
S0542,Student_542,24,Female,CE,7.72,No,0.0,2,149,No,2
S0543,Student_543,21,Male,CSE,5.1,No,0.0,3,143,No,8
S0544,Student_544,19,Male,EEE,6.91,No,22.69,0,142,No,8
S0545,Student_545,21,Female,CE,8.57,No,18.87,3,142,No,6
S0546,Student_546,19,Female,CE,7.4,Yes,0.0,2,104,No,7
S0547,Student_547,22,Other,EEE,8.91,Yes,16.04,2,126,No,7
S0548,Student_548,19,Male,EEE,6.72,No,10.17,3,96,No,3
S0549,Student_549,18,Female,ECE,7.83,Yes,7.37,2,137,No,1
S0550,Student_550,23,Male,CE,6.61,No,17.89,0,134,Yes,6
S0551,Student_551,24,Male,ECE,6.35,No,10.17,5,114,No,7
S0552,Student_552,23,Female,ME,5.13,Yes,0.0,1,135,No,4
S0553,Student_553,19,Female,ECE,7.99,No,0.0,1,128,No,5
S0554,Student_554,23,Male,ME,5.15,No,0.0,1,90,Yes,2
S0555,Student_555,18,Female,IT,9.05,No,0.0,5,141,No,2
S0556,Student_556,24,Male,CSE,6.4,Yes,0.0,2,120,No,2
S0557,Student_557,25,Female,CE,9.04,No,20.14,4,96,Yes,6
S0558,Student_558,19,Other,ME,7.36,No,10.17,0,106,Yes,10
S0559,Student_559,24,Female,CSE,6.79,Yes,5.16,5,88,No,6
S0560,Student_560,23,Male,EEE,7.92,No,19.23,0,124,No,1
S0561,Student_561,25,Female,IT,6.16,No,22.14,2,100,Yes,4
S0562,Student_562,20,Male,ECE,5.8,No,0.0,0,95,Yes,5
S0563,Student_563,24,Female,CSE,6.24,No,11.26,2,109,Yes,3
S0564,Student_564,20,Male,ME,6.21,No,0.0,1,91,No,9
S0565,Student_565,22,Male,CE,7.67,Yes,0.0,0,109,Yes,2
S0566,Student_566,25,Female,IT,8.96,Yes,0.0,4,145,No,2
S0567,Student_567,25,Male,EEE,8.69,No,7.85,2,149,No,4
S0568,Student_568,24,Other,EEE,8.82,Yes,0.0,0,87,No,10
S0569,Student_569,22,Other,CSE,9.74,Yes,13.36,3,100,No,1
S0570,Student_570,23,Female,CSE,7.88,Yes,13.66,5,108,Yes,5
S0571,Student_571,21,Male,ECE,9.91,No,0.0,3,87,Yes,4
S0572,Student_572,19,Male,EEE,6.94,Yes,0.0,4,120,No,9
S0573,Student_573,22,Male,IT,9.68,Yes,0.0,4,111,Yes,4
S0574,Student_574,25,Female,IT,9.96,Yes,0.0,3,116,No,1
S0575,Student_575,21,Female,EEE,5.87,Yes,22.59,2,141,Yes,4
S0576,Student_576,25,Other,ECE,6.18,No,6.19,0,95,No,5
S0577,Student_577,24,Male,CE,6.59,Yes,23.41,5,126,No,2
S0578,Student_578,23,Other,ECE,8.69,Yes,0.0,3,136,Yes,10
S0579,Student_579,18,Female,ME,6.79,No,13.01,4,90,No,10
S0580,Student_580,25,Female,ME,7.96,No,11.52,0,147,No,1
S0581,Student_581,23,Other,CSE,8.52,Yes,6.0,2,87,Yes,10
S0582,Student_582,20,Male,ECE,6.76,No,18.84,3,128,No,8
S0583,Student_583,25,Male,ECE,7.84,No,16.9,4,140,No,1
S0584,Student_584,21,Male,IT,5.71,No,0.0,3,108,No,1
S0585,Student_585,23,Female,CSE,9.74,Yes,24.46,2,138,Yes,6
S0586,Student_586,22,Male,IT,9.18,Yes,7.45,4,88,No,2
S0587,Student_587,23,Male,CE,9.05,No,5.8,0,125,No,5
S0588,Student_588,22,Other,ECE,9.85,Yes,0.0,3,133,Yes,1
S0589,Student_589,22,Other,IT,7.71,Yes,0.0,0,117,Yes,6
S0590,Student_590,18,Other,EEE,5.88,Yes,18.23,5,96,Yes,5
S0591,Student_591,21,Other,IT,5.19,Yes,4.31,5,99,Yes,7
S0592,Student_592,19,Female,ECE,5.28,Yes,6.0,1,97,No,9
S0593,Student_593,21,Male,CE,8.01,Yes,0.0,2,106,Yes,4
S0594,Student_594,24,Female,ECE,5.1,Yes,21.74,3,121,No,6
S0595,Student_595,25,Male,EEE,7.39,Yes,13.09,4,103,No,7
S0596,Student_596,21,Female,ME,6.66,Yes,0.0,5,108,Yes,6
S0597,Student_597,25,Male,ME,8.07,Yes,6.77,2,117,No,3
S0598,Student_598,25,Male,CE,9.03,No,0.0,1,96,Yes,2
S0599,Student_599,25,Male,CE,6.7,Yes,0.0,4,104,No,6
S0600,Student_600,18,Female,EEE,5.89,No,10.56,2,124,Yes,7
S0601,Student_601,19,Other,IT,9.01,Yes,22.5,2,137,Yes,9
S0602,Student_602,22,Other,ME,9.34,No,0.0,3,106,Yes,2
S0603,Student_603,21,Female,ME,5.3,Yes,0.0,1,92,Yes,9
S0604,Student_604,24,Male,ME,5.74,Yes,0.0,3,126,Yes,3
S0605,Student_605,21,Male,ME,8.52,No,0.0,5,108,Yes,1
S0606,Student_606,22,Female,EEE,5.71,No,16.28,0,88,No,10
S0607,Student_607,23,Other,CE,5.55,No,0.0,4,92,Yes,7
S0608,Student_608,25,Other,CE,7.63,Yes,20.37,1,123,Yes,8
S0609,Student_609,23,Male,CSE,6.82,Yes,0.0,2,134,No,10
S0610,Student_610,24,Other,IT,5.36,No,0.0,2,97,No,1
S0611,Student_611,23,Other,CE,8.52,Yes,17.04,0,125,No,5
S0612,Student_612,23,Other,ME,8.31,Yes,16.45,2,103,Yes,3
S0613,Student_613,25,Male,ECE,7.93,No,0.0,4,137,No,3
S0614,Student_614,22,Other,ME,6.68,Yes,0.0,3,126,No,8
S0615,Student_615,22,Male,ME,6.61,No,0.0,1,118,Yes,2
S0616,Student_616,22,Female,CE,9.88,No,6.74,4,133,Yes,2
S0617,Student_617,21,Female,CSE,8.66,Yes,24.34,5,100,No,4
S0618,Student_618,19,Male,EEE,7.18,Yes,21.81,0,91,Yes,4
S0619,Student_619,21,Other,ECE,8.2,No,4.9,5,110,No,3
S0620,Student_620,23,Female,IT,7.44,No,21.85,4,115,Yes,3
S0621,Student_621,19,Male,ECE,6.59,Yes,0.0,0,115,Yes,9
S0622,Student_622,20,Other,CSE,8.54,Yes,0.0,4,148,No,9
S0623,Student_623,21,Female,ME,7.81,Yes,0.0,2,150,No,10
S0624,Student_624,21,Male,EEE,9.45,Yes,0.0,2,149,No,9
S0625,Student_625,25,Other,EEE,8.07,No,0.0,0,134,No,6
S0626,Student_626,22,Other,EEE,6.78,Yes,0.0,4,99,Yes,8
S0627,Student_627,22,Male,IT,8.33,Yes,13.76,4,119,Yes,3
S0628,Student_628,19,Other,CE,9.07,Yes,0.0,3,92,No,6
S0629,Student_629,21,Female,ME,6.89,No,0.0,3,125,Yes,5
S0630,Student_630,22,Male,ECE,8.67,Yes,0.0,1,144,No,6
S0631,Student_631,21,Other,ECE,6.47,Yes,24.9,2,137,Yes,10
S0632,Student_632,23,Other,ME,5.89,Yes,16.01,0,93,Yes,7
S0633,Student_633,20,Other,ECE,5.01,No,0.0,5,146,Yes,1
S0634,Student_634,22,Other,CE,8.51,Yes,21.41,2,88,No,7
S0635,Student_635,18,Other,EEE,7.86,Yes,9.14,4,137,Yes,4
S0636,Student_636,20,Male,ECE,9.25,No,19.06,2,114,Yes,4
S0637,Student_637,22,Female,CE,8.85,No,19.2,3,87,No,10
S0638,Student_638,18,Female,EEE,7.84,No,0.0,5,119,Yes,10
S0639,Student_639,18,Male,IT,5.91,Yes,8.43,4,97,No,2
S0640,Student_640,22,Other,IT,6.59,No,10.2,2,116,No,3
S0641,Student_641,20,Female,ME,9.04,Yes,0.0,1,101,Yes,10
S0642,Student_642,25,Female,ME,8.06,No,0.0,3,123,No,8
S0643,Student_643,19,Female,CE,8.2,No,15.75,3,137,Yes,2
S0644,Student_644,18,Other,IT,5.52,No,0.0,2,142,Yes,1
S0645,Student_645,22,Male,IT,7.48,Yes,0.0,4,95,No,3
S0646,Student_646,25,Female,IT,6.66,No,22.62,4,149,No,5
S0647,Student_647,25,Male,CE,5.39,Yes,16.02,3,111,No,9
S0648,Student_648,25,Female,CE,6.73,No,6.28,5,103,No,2
S0649,Student_649,23,Male,ECE,6.6,No,0.0,4,132,Yes,8
S0650,Student_650,20,Other,IT,8.18,Yes,0.0,1,106,Yes,2
S0651,Student_651,18,Other,ME,9.82,Yes,15.62,0,116,Yes,8
S0652,Student_652,22,Other,ECE,9.11,No,0.0,5,139,No,6
S0653,Student_653,25,Male,ECE,8.35,No,0.0,5,142,Yes,3
S0654,Student_654,19,Other,IT,8.65,No,0.0,4,90,No,5
S0655,Student_655,19,Other,EEE,6.68,Yes,3.11,1,85,No,3
S0656,Student_656,24,Female,CE,5.06,Yes,24.56,4,144,Yes,2
S0657,Student_657,25,Male,ECE,6.05,Yes,0.0,3,122,No,5
S0658,Student_658,19,Male,EEE,8.47,Yes,0.0,1,106,Yes,10
S0659,Student_659,18,Female,IT,6.75,Yes,0.0,5,85,No,6
S0660,Student_660,20,Other,CSE,8.94,No,3.88,5,92,No,6
S0661,Student_661,20,Female,EEE,8.6,Yes,13.35,3,146,Yes,2
S0662,Student_662,22,Other,CSE,5.24,No,19.91,2,119,No,2
S0663,Student_663,19,Male,CSE,7.19,No,0.0,5,117,Yes,3
S0664,Student_664,21,Other,IT,7.1,No,0.0,4,133,Yes,8
S0665,Student_665,19,Female,CSE,5.83,Yes,0.0,4,129,No,5
S0666,Student_666,24,Other,CSE,7.07,Yes,0.0,3,112,No,8
S0667,Student_667,21,Female,CE,9.41,No,3.74,4,150,Yes,5
S0668,Student_668,24,Other,ECE,6.76,No,14.68,5,121,No,8
S0669,Student_669,25,Male,IT,6.88,No,0.0,5,90,No,3
S0670,Student_670,25,Male,ECE,9.14,No,13.54,0,105,Yes,2
S0671,Student_671,22,Male,CSE,8.94,No,0.0,4,93,No,10
S0672,Student_672,24,Other,IT,7.89,No,0.0,1,123,No,8
S0673,Student_673,22,Female,ECE,8.79,No,0.0,2,96,No,1
S0674,Student_674,18,Male,CSE,6.13,Yes,0.0,3,135,Yes,6
S0675,Student_675,19,Female,ECE,7.26,No,20.56,1,100,No,5
S0676,Student_676,21,Male,EEE,9.0,No,0.0,1,102,Yes,7
S0677,Student_677,21,Male,CE,5.17,Yes,0.0,1,120,Yes,7
S0678,Student_678,22,Male,ME,5.1,No,21.07,5,140,Yes,10
S0679,Student_679,19,Male,CSE,6.31,No,12.95,5,111,Yes,3
S0680,Student_680,20,Female,EEE,5.52,No,0.0,2,149,Yes,8
S0681,Student_681,21,Female,IT,6.71,No,0.0,3,125,No,6
S0682,Student_682,20,Other,IT,9.44,No,8.29,3,128,No,9
S0683,Student_683,19,Female,EEE,5.8,No,15.29,2,118,No,10
S0684,Student_684,20,Other,CE,5.38,Yes,0.0,0,142,Yes,6
S0685,Student_685,18,Female,IT,9.71,Yes,3.27,5,119,Yes,6
S0686,Student_686,24,Female,CE,9.89,Yes,0.0,1,116,No,2
S0687,Student_687,25,Male,CSE,6.69,No,0.0,3,126,No,7
S0688,Student_688,25,Other,CSE,9.93,Yes,19.1,2,128,No,9
S0689,Student_689,22,Male,EEE,9.47,Yes,0.0,2,111,No,8
S0690,Student_690,18,Female,EEE,8.52,Yes,23.9,5,143,No,5
S0691,Student_691,21,Female,CE,7.16,No,5.92,1,127,No,1
S0692,Student_692,22,Male,CSE,8.27,No,0.0,2,87,No,10
S0693,Student_693,22,Other,CSE,8.04,Yes,0.0,5,102,Yes,1
S0694,Student_694,25,Female,EEE,7.17,Yes,9.51,4,85,No,4
S0695,Student_695,19,Female,IT,5.27,No,0.0,1,145,No,9
S0696,Student_696,21,Male,ME,6.66,Yes,0.0,3,85,Yes,1
S0697,Student_697,22,Female,EEE,9.87,Yes,17.25,1,86,No,3
S0698,Student_698,21,Female,ME,7.05,Yes,0.0,0,107,Yes,2
S0699,Student_699,24,Female,CSE,7.77,No,5.0,1,137,Yes,5
S0700,Student_700,19,Other,EEE,9.63,No,0.0,1,147,No,7
S0701,Student_701,21,Female,IT,7.7,Yes,0.0,0,135,Yes,3
S0702,Student_702,20,Female,IT,8.3,Yes,0.0,1,95,No,10
S0703,Student_703,22,Female,CE,6.49,No,13.56,2,94,No,7
S0704,Student_704,20,Male,ECE,5.48,Yes,0.0,3,88,Yes,2
S0705,Student_705,19,Female,CSE,6.96,No,9.71,3,141,Yes,4
S0706,Student_706,18,Other,CSE,7.75,Yes,18.47,4,100,No,7
S0707,Student_707,20,Female,EEE,7.45,Yes,0.0,3,130,No,8
S0708,Student_708,22,Female,ECE,5.27,No,21.87,3,133,No,2
S0709,Student_709,22,Other,ECE,5.02,No,19.44,5,130,Yes,6
S0710,Student_710,25,Female,ECE,5.44,No,3.54,0,134,Yes,8
S0711,Student_711,19,Male,EEE,9.12,Yes,0.0,1,107,Yes,8
S0712,Student_712,25,Other,EEE,8.13,Yes,13.01,1,86,Yes,9
S0713,Student_713,22,Female,ME,7.4,No,0.0,2,100,Yes,8
S0714,Student_714,24,Male,ME,5.48,No,19.98,1,144,No,2
S0715,Student_715,22,Female,ME,6.03,Yes,22.23,0,132,Yes,2
S0716,Student_716,25,Other,CE,8.19,Yes,0.0,2,109,Yes,3
S0717,Student_717,25,Male,CSE,9.89,No,0.0,2,141,No,2
S0718,Student_718,19,Other,ME,7.37,Yes,0.0,5,86,No,7
S0719,Student_719,18,Female,CE,5.58,Yes,0.0,4,113,Yes,7
S0720,Student_720,24,Female,CE,8.92,Yes,11.92,1,87,Yes,4
S0721,Student_721,23,Male,EEE,7.35,Yes,20.38,5,120,Yes,7
S0722,Student_722,22,Male,ECE,9.47,Yes,11.15,0,130,No,6
S0723,Student_723,18,Female,IT,6.33,No,13.21,5,109,No,2
S0724,Student_724,19,Other,ECE,8.21,Yes,16.93,3,96,Yes,6
S0725,Student_725,21,Female,ME,6.94,Yes,0.0,0,123,Yes,6
S0726,Student_726,18,Female,IT,6.86,Yes,0.0,0,113,Yes,10
S0727,Student_727,22,Female,CSE,6.91,Yes,21.93,0,114,No,8
S0728,Student_728,18,Other,IT,5.93,No,4.56,2,148,No,4
S0729,Student_729,20,Other,IT,5.22,No,0.0,4,131,Yes,8
S0730,Student_730,25,Female,CSE,7.2,No,22.66,2,89,No,2
S0731,Student_731,25,Male,CSE,6.32,No,10.32,0,120,Yes,5
S0732,Student_732,22,Other,CE,9.19,No,0.0,3,148,Yes,8
S0733,Student_733,20,Female,CE,7.82,Yes,0.0,2,111,Yes,1
S0734,Student_734,24,Female,CE,5.76,Yes,3.72,5,85,Yes,9
S0735,Student_735,25,Female,EEE,8.48,Yes,12.37,5,110,No,3
S0736,Student_736,19,Male,CE,5.48,Yes,0.0,0,135,No,8
S0737,Student_737,25,Other,CSE,8.34,No,8.94,3,99,No,3
S0738,Student_738,23,Female,IT,9.04,No,0.0,5,120,Yes,4
S0739,Student_739,24,Other,CSE,7.07,No,23.81,1,149,No,6
S0740,Student_740,23,Female,IT,8.78,No,0.0,1,148,Yes,10
S0741,Student_741,23,Female,ECE,6.14,Yes,14.93,0,106,No,1
S0742,Student_742,19,Other,CSE,5.3,Yes,20.48,4,109,No,10
S0743,Student_743,20,Male,CE,6.94,No,0.0,5,107,No,7
S0744,Student_744,23,Male,CE,7.61,No,0.0,4,93,No,1
S0745,Student_745,24,Other,IT,9.83,Yes,0.0,0,101,No,6
S0746,Student_746,25,Other,ME,8.44,No,0.0,4,93,Yes,7
S0747,Student_747,22,Female,EEE,9.68,Yes,20.33,5,101,Yes,8
S0748,Student_748,24,Female,CSE,7.86,No,0.0,4,118,Yes,4
S0749,Student_749,18,Other,EEE,6.18,Yes,4.78,4,114,Yes,1
S0750,Student_750,25,Other,CSE,6.49,Yes,22.38,2,120,Yes,4
S0751,Student_751,19,Other,ECE,6.97,No,0.0,3,109,No,1
S0752,Student_752,23,Male,ECE,9.27,No,19.19,0,87,Yes,7
S0753,Student_753,22,Male,IT,5.17,Yes,4.21,1,117,Yes,5
S0754,Student_754,23,Male,EEE,7.86,No,23.8,4,143,No,5
S0755,Student_755,19,Other,CE,7.58,No,17.84,0,85,No,3
S0756,Student_756,24,Other,ME,7.86,No,0.0,2,139,Yes,2
S0757,Student_757,18,Female,CSE,9.91,No,0.0,2,91,Yes,3
S0758,Student_758,25,Male,CSE,5.74,No,0.0,4,126,No,2
S0759,Student_759,24,Male,IT,9.75,Yes,22.54,5,140,No,5
S0760,Student_760,18,Male,ME,7.25,No,0.0,3,137,No,7
S0761,Student_761,21,Male,EEE,9.75,No,5.44,5,120,No,2
S0762,Student_762,23,Other,EEE,5.84,No,11.04,5,100,Yes,5
S0763,Student_763,25,Female,IT,6.06,Yes,16.62,1,144,Yes,8
S0764,Student_764,25,Female,CSE,5.96,No,0.0,3,148,No,7
S0765,Student_765,18,Female,ECE,5.21,Yes,0.0,1,131,Yes,9
S0766,Student_766,21,Other,ME,5.39,No,0.0,1,90,Yes,4
S0767,Student_767,22,Male,CSE,8.42,Yes,11.04,0,113,No,5
S0768,Student_768,20,Other,ECE,6.01,No,6.86,1,91,Yes,3
S0769,Student_769,22,Male,EEE,9.11,Yes,15.29,1,120,No,1
S0770,Student_770,25,Other,ECE,5.74,Yes,0.0,2,138,No,2
S0771,Student_771,25,Female,IT,7.98,No,4.47,3,142,Yes,7
S0772,Student_772,19,Female,CE,6.6,No,18.61,3,125,Yes,6
S0773,Student_773,18,Female,CSE,8.64,No,0.0,2,85,Yes,5
S0774,Student_774,21,Female,ME,9.04,Yes,7.5,4,135,Yes,3
S0775,Student_775,20,Male,ECE,5.44,No,24.59,0,109,Yes,4
S0776,Student_776,22,Other,EEE,7.78,Yes,0.0,3,127,Yes,6
S0777,Student_777,18,Male,ECE,7.76,No,0.0,4,95,Yes,7
S0778,Student_778,24,Other,EEE,9.28,Yes,8.25,2,88,No,8
S0779,Student_779,19,Female,CE,7.6,No,0.0,5,113,No,8
S0780,Student_780,21,Female,IT,9.59,No,0.0,0,139,Yes,9
S0781,Student_781,19,Female,EEE,5.06,Yes,0.0,2,94,Yes,3
S0782,Student_782,25,Other,ME,8.5,Yes,0.0,4,116,Yes,7
S0783,Student_783,19,Female,CE,7.94,No,5.5,3,110,Yes,6
S0784,Student_784,20,Male,IT,8.91,No,13.53,3,106,Yes,10
S0785,Student_785,25,Male,ECE,5.56,No,0.0,5,127,Yes,7
S0786,Student_786,22,Male,IT,5.75,Yes,23.66,1,124,No,1
S0787,Student_787,22,Other,IT,7.83,No,15.76,2,93,Yes,9
S0788,Student_788,24,Male,CSE,7.91,Yes,0.0,1,97,Yes,10
S0789,Student_789,25,Female,EEE,9.82,Yes,24.1,2,88,Yes,4
S0790,Student_790,25,Other,IT,5.5,No,0.0,3,146,No,2
S0791,Student_791,21,Female,ME,5.53,Yes,0.0,5,140,No,10
S0792,Student_792,25,Other,CSE,8.9,Yes,0.0,2,88,Yes,10
S0793,Student_793,20,Male,CSE,8.93,Yes,0.0,2,127,No,3
S0794,Student_794,24,Female,CE,9.34,No,7.62,0,117,Yes,6
S0795,Student_795,21,Female,ECE,9.4,Yes,19.39,5,116,Yes,6
S0796,Student_796,20,Other,CSE,9.39,Yes,7.96,4,98,No,1
S0797,Student_797,19,Female,ME,6.32,Yes,0.0,0,145,Yes,3
S0798,Student_798,22,Male,EEE,8.27,Yes,0.0,5,115,No,8
S0799,Student_799,24,Other,EEE,7.86,No,0.0,5,128,No,3
S0800,Student_800,23,Female,EEE,7.37,Yes,10.76,0,91,Yes,8
S0801,Student_801,22,Other,CE,5.86,Yes,0.0,5,127,No,6
S0802,Student_802,18,Female,ME,7.01,Yes,0.0,5,115,No,2
S0803,Student_803,22,Male,CSE,8.09,Yes,0.0,1,94,No,7
S0804,Student_804,22,Male,IT,8.4,No,0.0,2,141,Yes,5
S0805,Student_805,25,Male,ME,7.01,Yes,8.88,4,97,Yes,9
S0806,Student_806,20,Male,CE,6.98,Yes,17.96,3,142,Yes,1
S0807,Student_807,25,Female,CE,9.39,No,0.0,2,100,Yes,8
S0808,Student_808,25,Male,ECE,8.45,No,9.1,5,95,Yes,3
S0809,Student_809,23,Other,ME,5.25,No,0.0,5,92,Yes,8
S0810,Student_810,23,Female,EEE,7.38,No,0.0,2,89,Yes,10
S0811,Student_811,24,Male,CE,6.34,No,0.0,5,133,No,2
S0812,Student_812,25,Other,CE,6.86,No,4.39,0,125,Yes,1
S0813,Student_813,23,Female,ECE,6.69,Yes,0.0,4,93,Yes,4
S0814,Student_814,21,Other,IT,8.97,No,0.0,1,101,Yes,4
S0815,Student_815,21,Female,EEE,6.55,No,10.59,3,92,No,7
S0816,Student_816,24,Other,IT,9.21,Yes,13.7,3,141,No,9
S0817,Student_817,21,Male,CE,9.29,Yes,0.0,0,92,Yes,3
S0818,Student_818,24,Other,CSE,8.42,Yes,14.59,3,123,No,10
S0819,Student_819,18,Other,EEE,9.86,No,0.0,2,140,Yes,7
S0820,Student_820,23,Female,ME,6.14,No,5.7,2,93,No,4
S0821,Student_821,25,Female,ECE,6.5,Yes,0.0,0,98,No,6
S0822,Student_822,24,Male,IT,8.72,No,0.0,1,92,No,4
S0823,Student_823,24,Other,CSE,8.87,No,0.0,2,91,Yes,4
S0824,Student_824,20,Other,CSE,6.6,Yes,0.0,1,122,No,10
S0825,Student_825,25,Other,ME,8.64,No,18.62,1,133,No,1
S0826,Student_826,18,Other,ECE,8.02,Yes,17.92,3,136,Yes,6
S0827,Student_827,20,Male,CE,5.45,No,14.72,5,97,No,6
S0828,Student_828,23,Female,IT,7.21,No,0.0,2,137,No,1
S0829,Student_829,19,Other,IT,9.57,Yes,0.0,5,114,Yes,5
S0830,Student_830,25,Male,ECE,7.04,Yes,9.43,3,86,Yes,5
S0831,Student_831,19,Male,IT,7.42,Yes,0.0,0,143,Yes,9
S0832,Student_832,25,Male,CE,7.58,No,16.66,2,134,No,2
S0833,Student_833,18,Male,ME,6.87,Yes,0.0,0,144,Yes,8
S0834,Student_834,20,Male,ME,5.28,No,0.0,3,139,No,8
S0835,Student_835,24,Female,CSE,8.96,No,0.0,3,97,Yes,7
S0836,Student_836,20,Male,CSE,5.33,No,20.6,5,128,No,7
S0837,Student_837,19,Female,CSE,8.55,Yes,23.8,3,88,Yes,6
S0838,Student_838,25,Other,ME,7.02,No,20.79,2,143,No,6
S0839,Student_839,22,Other,CE,8.9,Yes,0.0,5,127,No,9
S0840,Student_840,23,Female,ME,7.62,No,23.7,3,109,No,7
S0841,Student_841,24,Female,ME,7.84,No,0.0,0,98,Yes,9
S0842,Student_842,19,Other,CSE,5.87,No,0.0,1,98,Yes,6
S0843,Student_843,23,Male,ECE,9.38,No,4.44,5,86,Yes,2
S0844,Student_844,24,Other,CSE,6.0,Yes,0.0,2,93,No,3
S0845,Student_845,23,Male,ECE,5.29,No,22.62,4,109,Yes,8
S0846,Student_846,25,Male,CE,5.17,No,0.0,0,101,Yes,7
S0847,Student_847,18,Female,CE,5.25,Yes,0.0,2,150,No,6
S0848,Student_848,19,Female,EEE,6.8,No,13.07,3,117,Yes,3
S0849,Student_849,21,Other,EEE,6.0,No,4.76,4,130,No,9
S0850,Student_850,22,Other,EEE,6.84,No,0.0,5,138,Yes,10
S0851,Student_851,21,Female,CE,7.32,No,0.0,4,146,No,3
S0852,Student_852,19,Other,CSE,6.98,No,0.0,5,141,No,9
S0853,Student_853,24,Female,CSE,9.62,No,22.75,2,108,No,7
S0854,Student_854,19,Female,CSE,8.41,Yes,9.34,3,116,Yes,7
S0855,Student_855,19,Other,ME,6.21,Yes,24.05,5,102,Yes,5
S0856,Student_856,25,Male,EEE,7.44,Yes,5.41,0,90,No,7
S0857,Student_857,20,Male,CSE,7.23,Yes,9.07,0,92,Yes,5
S0858,Student_858,22,Female,EEE,9.8,No,18.34,5,101,Yes,10
S0859,Student_859,18,Other,EEE,7.37,Yes,13.92,5,124,No,2
S0860,Student_860,18,Male,ME,7.76,No,0.0,1,140,Yes,2
S0861,Student_861,23,Female,CE,6.72,No,0.0,5,150,No,2
S0862,Student_862,18,Female,CSE,9.19,Yes,0.0,3,130,Yes,2
S0863,Student_863,22,Other,ME,6.29,Yes,0.0,5,124,Yes,1
S0864,Student_864,23,Other,CE,9.15,Yes,22.25,1,103,Yes,10
S0865,Student_865,23,Female,CE,5.45,No,14.46,0,103,No,7
S0866,Student_866,24,Male,CSE,5.14,Yes,0.0,3,145,No,2
S0867,Student_867,20,Other,IT,5.25,Yes,0.0,1,124,Yes,8
S0868,Student_868,21,Other,EEE,9.27,No,0.0,5,128,No,10
S0869,Student_869,24,Other,ECE,8.9,No,0.0,2,122,No,9
S0870,Student_870,20,Male,EEE,6.07,Yes,0.0,2,132,No,2
S0871,Student_871,20,Male,EEE,6.11,No,16.8,4,86,Yes,8
S0872,Student_872,20,Female,ECE,6.13,No,9.45,0,103,Yes,9
S0873,Student_873,19,Other,IT,6.03,No,0.0,0,92,Yes,10
S0874,Student_874,24,Male,CE,8.26,No,24.33,1,115,No,1
S0875,Student_875,21,Male,ECE,7.57,Yes,0.0,1,149,No,5
S0876,Student_876,25,Other,ECE,9.32,No,14.91,4,91,Yes,7
S0877,Student_877,20,Male,ME,9.84,Yes,0.0,5,139,No,4
S0878,Student_878,21,Female,ME,8.41,Yes,5.9,5,129,No,4
S0879,Student_879,25,Male,ME,7.37,Yes,10.63,1,110,No,8
S0880,Student_880,22,Male,CE,5.66,Yes,0.0,4,110,Yes,9
S0881,Student_881,25,Female,ECE,5.87,No,12.76,5,110,No,7
S0882,Student_882,22,Other,CSE,9.0,No,0.0,3,93,Yes,2
S0883,Student_883,18,Male,ECE,6.12,Yes,17.18,2,128,Yes,4
S0884,Student_884,25,Female,CE,8.04,No,9.41,3,109,Yes,8
S0885,Student_885,22,Other,ME,9.72,No,0.0,3,145,Yes,2
S0886,Student_886,20,Female,CE,8.56,No,0.0,5,144,No,6
S0887,Student_887,19,Male,ME,8.55,No,0.0,1,127,No,8
S0888,Student_888,25,Female,CE,6.38,No,0.0,2,127,Yes,7
S0889,Student_889,23,Male,CSE,9.48,No,0.0,1,123,No,7
S0890,Student_890,22,Other,ME,9.26,No,0.0,5,138,Yes,1
S0891,Student_891,24,Other,ME,7.29,Yes,0.0,4,127,No,6
S0892,Student_892,22,Female,ECE,6.09,No,4.38,2,105,No,4
S0893,Student_893,25,Male,IT,6.51,Yes,22.18,2,98,Yes,9
S0894,Student_894,22,Other,IT,7.6,No,0.0,1,143,No,5
S0895,Student_895,21,Female,CE,8.12,Yes,8.11,0,90,No,5
S0896,Student_896,24,Other,EEE,7.92,Yes,23.84,3,148,No,5
S0897,Student_897,25,Other,EEE,5.04,No,0.0,2,113,No,5
S0898,Student_898,19,Male,ECE,10.0,No,0.0,1,85,No,7
S0899,Student_899,21,Other,CE,9.83,No,0.0,3,113,No,4
S0900,Student_900,24,Other,CSE,9.2,No,17.18,3,114,Yes,1
S0901,Student_901,23,Male,ECE,7.81,No,0.0,4,144,No,7
S0902,Student_902,22,Other,ME,7.97,Yes,12.06,1,112,Yes,1
S0903,Student_903,22,Other,CSE,6.41,No,10.54,0,115,No,1
S0904,Student_904,18,Male,CE,8.42,No,17.21,0,146,No,1
S0905,Student_905,24,Male,ME,7.41,No,10.18,4,127,No,3
S0906,Student_906,22,Other,EEE,6.68,Yes,16.05,5,133,Yes,6
S0907,Student_907,18,Other,CE,6.38,Yes,18.33,4,111,Yes,9
S0908,Student_908,18,Other,ME,6.63,No,0.0,5,136,Yes,10
S0909,Student_909,25,Other,CE,6.38,No,0.0,1,108,Yes,6
S0910,Student_910,22,Female,ME,8.28,No,21.52,0,85,Yes,6
S0911,Student_911,21,Other,CE,9.76,Yes,12.8,3,131,Yes,3
S0912,Student_912,23,Male,IT,8.26,Yes,9.69,1,86,Yes,10
S0913,Student_913,21,Male,EEE,5.94,Yes,0.0,2,94,Yes,7
S0914,Student_914,21,Male,ECE,7.59,No,0.0,5,130,No,4
S0915,Student_915,22,Male,ME,6.2,Yes,0.0,1,88,No,9
S0916,Student_916,20,Other,ME,5.28,No,5.9,0,99,Yes,7
S0917,Student_917,19,Other,EEE,9.29,No,0.0,3,103,No,4
S0918,Student_918,18,Female,IT,9.05,No,0.0,4,122,Yes,10
S0919,Student_919,22,Other,ECE,7.02,No,0.0,3,141,No,7
S0920,Student_920,25,Male,CE,6.6,No,0.0,4,109,No,1
S0921,Student_921,18,Other,ME,5.7,No,0.0,2,131,Yes,10
S0922,Student_922,23,Female,ECE,5.13,No,20.37,1,90,No,7
S0923,Student_923,20,Other,CE,7.49,No,6.78,0,88,Yes,3
S0924,Student_924,19,Other,ME,6.48,No,0.0,2,110,Yes,7
S0925,Student_925,22,Male,ME,9.53,No,8.72,1,110,Yes,3
S0926,Student_926,23,Female,IT,7.02,Yes,0.0,4,121,No,7
S0927,Student_927,24,Other,IT,8.68,Yes,13.65,0,107,No,6
S0928,Student_928,20,Other,IT,7.92,Yes,0.0,0,113,Yes,9
S0929,Student_929,21,Female,CE,9.97,Yes,0.0,5,118,Yes,3
S0930,Student_930,20,Other,EEE,9.08,Yes,0.0,4,107,No,7
S0931,Student_931,23,Female,ECE,6.72,No,24.36,3,128,Yes,4
S0932,Student_932,22,Female,ME,8.57,Yes,19.93,3,116,Yes,2
S0933,Student_933,20,Male,CE,8.43,Yes,0.0,5,107,Yes,3
S0934,Student_934,22,Other,ME,8.19,Yes,0.0,3,110,Yes,9
S0935,Student_935,25,Female,CE,7.38,No,4.04,0,87,No,2
S0936,Student_936,22,Female,ME,9.7,Yes,0.0,1,107,Yes,10
S0937,Student_937,23,Female,CSE,6.79,Yes,10.77,5,118,No,7
S0938,Student_938,19,Male,EEE,6.5,Yes,13.03,1,97,Yes,5
S0939,Student_939,25,Other,ECE,5.85,No,0.0,1,87,No,9
S0940,Student_940,19,Male,EEE,8.29,Yes,0.0,2,102,No,3
S0941,Student_941,20,Male,EEE,7.79,Yes,6.66,2,133,No,6
S0942,Student_942,21,Female,ECE,6.47,No,23.33,5,99,Yes,4
S0943,Student_943,24,Female,IT,7.35,Yes,18.66,3,128,No,2
S0944,Student_944,23,Female,EEE,8.7,Yes,0.0,3,111,Yes,2
S0945,Student_945,19,Female,CSE,8.63,No,9.28,1,124,No,1
S0946,Student_946,24,Male,IT,7.8,Yes,0.0,3,143,Yes,7
S0947,Student_947,18,Female,CE,9.56,Yes,24.41,1,115,Yes,1
S0948,Student_948,22,Other,IT,9.73,No,0.0,4,132,No,10
S0949,Student_949,19,Male,ECE,9.5,No,21.47,1,132,No,3
S0950,Student_950,25,Female,CE,8.27,Yes,0.0,2,106,No,1
S0951,Student_951,23,Other,ME,6.11,Yes,0.0,5,140,No,10
S0952,Student_952,22,Female,IT,6.12,No,0.0,5,93,No,9
S0953,Student_953,24,Other,CSE,9.36,No,0.0,1,100,Yes,2
S0954,Student_954,23,Female,CE,7.1,Yes,0.0,3,103,Yes,10
S0955,Student_955,19,Female,IT,9.43,Yes,0.0,1,101,No,7
S0956,Student_956,21,Male,CE,6.86,Yes,0.0,3,109,Yes,1
S0957,Student_957,25,Female,ECE,7.93,Yes,0.0,1,109,No,3
S0958,Student_958,18,Other,IT,7.32,Yes,18.24,0,133,Yes,8
S0959,Student_959,23,Other,ME,5.59,No,17.66,2,132,No,6
S0960,Student_960,21,Male,ECE,5.27,No,0.0,2,125,No,3
S0961,Student_961,19,Female,ME,8.17,No,0.0,1,139,Yes,4
S0962,Student_962,25,Male,IT,7.9,No,6.38,4,116,No,4
S0963,Student_963,22,Female,ECE,8.1,No,0.0,3,90,Yes,5
S0964,Student_964,24,Male,IT,7.36,No,8.23,1,109,No,4
S0965,Student_965,19,Female,CE,5.97,Yes,3.91,2,122,No,9
S0966,Student_966,20,Female,CE,5.6,Yes,0.0,4,104,No,4
S0967,Student_967,18,Male,CSE,8.4,No,9.97,5,126,No,7
S0968,Student_968,18,Male,CE,7.65,No,0.0,5,116,Yes,5
S0969,Student_969,22,Male,EEE,7.07,No,0.0,3,91,Yes,1
S0970,Student_970,25,Male,CE,9.35,No,5.78,0,120,No,5
S0971,Student_971,19,Female,EEE,5.75,No,8.73,0,101,Yes,2
S0972,Student_972,19,Female,CE,9.96,Yes,7.06,3,150,No,3
S0973,Student_973,21,Other,EEE,6.71,Yes,0.0,1,147,No,1
S0974,Student_974,20,Female,EEE,9.94,No,0.0,2,111,Yes,10
S0975,Student_975,24,Male,IT,9.46,No,15.37,5,95,Yes,2
S0976,Student_976,25,Male,CE,9.93,No,0.0,3,145,No,2
S0977,Student_977,23,Female,EEE,5.72,No,0.0,5,93,No,8
S0978,Student_978,24,Other,CSE,9.31,No,0.0,1,106,Yes,10
S0979,Student_979,20,Other,ME,5.9,Yes,3.76,5,150,Yes,2
S0980,Student_980,24,Female,IT,5.4,No,9.97,3,134,Yes,2
S0981,Student_981,19,Male,EEE,6.66,Yes,10.56,5,150,No,3
S0982,Student_982,25,Male,EEE,9.93,Yes,11.2,3,132,Yes,5
S0983,Student_983,24,Female,IT,6.57,Yes,0.0,5,148,No,5
S0984,Student_984,22,Other,CSE,5.29,No,0.0,4,144,Yes,3
S0985,Student_985,18,Female,CSE,7.26,No,14.88,2,107,Yes,2
S0986,Student_986,23,Female,ECE,6.05,No,0.0,0,126,No,2
S0987,Student_987,21,Female,IT,8.87,Yes,6.58,0,132,Yes,8
S0988,Student_988,25,Female,IT,7.88,No,0.0,4,146,No,6
S0989,Student_989,25,Male,ME,5.79,No,9.63,0,148,No,4
S0990,Student_990,21,Male,ECE,8.93,No,23.25,0,145,No,7
S0991,Student_991,23,Female,IT,8.9,Yes,0.0,2,119,No,2
S0992,Student_992,19,Other,EEE,5.65,No,11.9,1,136,No,8
S0993,Student_993,23,Female,CSE,7.17,No,13.99,3,89,No,1
S0994,Student_994,23,Male,EEE,7.15,Yes,6.2,2,111,Yes,7
S0995,Student_995,18,Male,IT,7.15,Yes,0.0,4,113,No,2
S0996,Student_996,24,Other,IT,7.39,No,0.0,5,110,Yes,8
S0997,Student_997,22,Female,IT,5.02,Yes,0.0,4,142,No,2
S0998,Student_998,21,Male,CE,7.67,No,13.08,5,115,No,4
S0999,Student_999,19,Male,ME,8.65,No,0.0,5,135,Yes,7
S1000,Student_1000,25,Female,CE,9.75,No,10.04,0,112,Yes,7
